Algorithm,Accuracy
AutoEncoder (AE),0.67351975189172
AutoEncoder (AE),0.6823197382625144
AutoEncoder (AE),0.4355888004958079
AutoEncoder (AE),0.8501559922211993
AutoEncoder (AE),0.6225545007007685
AutoEncoder (AE),0.7010868125333645
AutoEncoder (AE),0.4912213008364278
AutoEncoder (AE),0.5800419041896694
AutoEncoder (AE),0.645551357921514
AutoEncoder (AE),0.3874852045427253
AutoEncoder (AE),0.0
AutoEncoder (AE),0.0
AutoEncoder (AE),0.0
AutoEncoder (AE),0.0241361320447597
AutoEncoder (AE),0.0
AutoEncoder (AE),0.0
AutoEncoder (AE),0.0
AutoEncoder (AE),0.0
AutoEncoder (AE),0.0
AutoEncoder (AE),0.0
AutoEncoder (AE),0.0
AutoEncoder (AE),0.0
AutoEncoder (AE),0.0
AutoEncoder (AE),0.2173103460160043
AutoEncoder (AE),0.0
AutoEncoder (AE),0.0
AutoEncoder (AE),0.0
AutoEncoder (AE),0.0
AutoEncoder (AE),0.0
AutoEncoder (AE),0.0
AutoEncoder (AE),0.0
AutoEncoder (AE),0.2505258345554943
AutoEncoder (AE),0.1968461534734644
AutoEncoder (AE),0.0
AutoEncoder (AE),0.0
AutoEncoder (AE),0.0
AutoEncoder (AE),0.0
AutoEncoder (AE),0.0
AutoEncoder (AE),0.0
AutoEncoder (AE),0.0
AutoEncoder (AE),0.0
AutoEncoder (AE),0.0
AutoEncoder (AE),0.0
AutoEncoder (AE),0.6979081983823118
AutoEncoder (AE),0.0
AutoEncoder (AE),0.0
AutoEncoder (AE),0.0
AutoEncoder (AE),0.0
AutoEncoder (AE),0.0
AutoEncoder (AE),0.0
AutoEncoder (AE),0.0
AutoEncoder (AE),0.0
AutoEncoder (AE),0.0
AutoEncoder (AE),0.0
AutoEncoder (AE),0.0
AutoEncoder (AE),0.0
AutoEncoder (AE),0.0
AutoEncoder (AE),0.0
AutoEncoder (AE),0.0
AutoEncoder (AE),0.0
AutoEncoder (AE),0.0
AutoEncoder (AE),0.0
AutoEncoder (AE),0.0
AutoEncoder (AE),0.0
AutoEncoder (AE),0.0
AutoEncoder (AE),0.2471271908626956
AutoEncoder (AE),0.0
AutoEncoder (AE),0.1371181354802906
AutoEncoder (AE),0.240542751901463
AutoEncoder (AE),0.39468232866242
AutoEncoder (AE),0.3901589612694006
AutoEncoder (AE),0.101429180162381
AutoEncoder (AE),0.0
AutoEncoder (AE),0.5743438666443669
AutoEncoder (AE),0.1401777299042975
AutoEncoder (AE),0.0
AutoEncoder (AE),0.0
AutoEncoder (AE),0.2543190174419128
AutoEncoder (AE),0.0
AutoEncoder (AE),0.0
AutoEncoder (AE),0.0
AutoEncoder (AE),0.0
AutoEncoder (AE),0.0610357131441762
AutoEncoder (AE),0.0
AutoEncoder (AE),0.0
AutoEncoder (AE),0.0
AutoEncoder (AE),0.0
AutoEncoder (AE),0.0
AutoEncoder (AE),0.0
AutoEncoder (AE),0.0
AutoEncoder (AE),0.0
AutoEncoder (AE),0.0
AutoEncoder (AE),0.0
AutoEncoder (AE),0.0
AutoEncoder (AE),0.0
AutoEncoder (AE),0.0
AutoEncoder (AE),0.0
AutoEncoder (AE),0.0877184595340272
AutoEncoder (AE),0.0
AutoEncoder (AE),0.0
AutoEncoder (AE),0.0
AutoEncoder (AE),0.0
AutoEncoder (AE),0.0190956350932725
AutoEncoder (AE),0.1720630658393711
AutoEncoder (AE),0.0
AutoEncoder (AE),0.0
AutoEncoder (AE),0.0
AutoEncoder (AE),0.0
AutoEncoder (AE),0.0
AutoEncoder (AE),0.0
AutoEncoder (AE),0.3121677113410568
AutoEncoder (AE),0.0
AutoEncoder (AE),0.0
AutoEncoder (AE),0.2964253416779658
AutoEncoder (AE),0.0
AutoEncoder (AE),0.3416314084959863
AutoEncoder (AE),0.1601518650282589
AutoEncoder (AE),0.0
AutoEncoder (AE),0.0
AutoEncoder (AE),0.0
AutoEncoder (AE),0.1787540313625385
AutoEncoder (AE),0.0
AutoEncoder (AE),0.0
AutoEncoder (AE),0.0
AutoEncoder (AE),0.0
AutoEncoder (AE),0.0
AutoEncoder (AE),0.0
AutoEncoder (AE),0.0
AutoEncoder (AE),0.0007358278173503
AutoEncoder (AE),0.0
AutoEncoder (AE),0.0
AutoEncoder (AE),0.0268854703830741
AutoEncoder (AE),0.1042982782694307
AutoEncoder (AE),0.0
AutoEncoder (AE),0.0
AutoEncoder (AE),0.0180358934118378
AutoEncoder (AE),0.0963253194054153
AutoEncoder (AE),0.0
AutoEncoder (AE),0.0
AutoEncoder (AE),0.044068043860633
AutoEncoder (AE),0.0
AutoEncoder (AE),0.0
AutoEncoder (AE),0.0
AutoEncoder (AE),0.0
AutoEncoder (AE),0.0
AutoEncoder (AE),0.0
AutoEncoder (AE),0.0
AutoEncoder (AE),0.0
AutoEncoder (AE),0.2648250108425199
AutoEncoder (AE),0.0
AutoEncoder (AE),0.0
AutoEncoder (AE),0.2695418952231189
AutoEncoder (AE),0.5720870928426238
AutoEncoder (AE),0.0112900101751741
AutoEncoder (AE),0.6818206244723376
AutoEncoder (AE),0.6093632183339719
AutoEncoder (AE),0.6576511441731642
AutoEncoder (AE),0.6900690375928734
AutoEncoder (AE),0.5950304141238738
AutoEncoder (AE),0.3735776169693813
AutoEncoder (AE),0.0
AutoEncoder (AE),0.0
AutoEncoder (AE),0.0
AutoEncoder (AE),0.0
AutoEncoder (AE),0.0
AutoEncoder (AE),0.0
AutoEncoder (AE),0.0
AutoEncoder (AE),0.0
AutoEncoder (AE),0.0
AutoEncoder (AE),0.0
AutoEncoder (AE),0.0
AutoEncoder (AE),0.0
AutoEncoder (AE),0.0
AutoEncoder (AE),0.0247469615530925
AutoEncoder (AE),0.0
AutoEncoder (AE),0.0121510540601822
AutoEncoder (AE),0.0
AutoEncoder (AE),0.0
AutoEncoder (AE),0.4205666099374498
AutoEncoder (AE),0.0
AutoEncoder (AE),0.614577583101813
AutoEncoder (AE),0.0
AutoEncoder (AE),0.0
AutoEncoder (AE),0.0
AutoEncoder (AE),0.0
AutoEncoder (AE),0.0
AutoEncoder (AE),0.3790193504567327
AutoEncoder (AE),0.0
AutoEncoder (AE),0.0
AutoEncoder (AE),0.0
AutoEncoder (AE),0.0
AutoEncoder (AE),0.999995000025
AutoEncoder (AE),0.0
AutoEncoder (AE),0.0
AutoEncoder (AE),0.0
AutoEncoder (AE),0.0147057363768815
AutoEncoder (AE),0.0
AutoEncoder (AE),0.0
AutoEncoder (AE),0.0
AutoEncoder (AE),0.2988482139762967
AutoEncoder (AE),0.0
AutoEncoder (AE),0.0
AutoEncoder (AE),0.0
AutoEncoder (AE),0.0
AutoEncoder (AE),0.0
AutoEncoder (AE),0.0
AutoEncoder (AE),0.0
AutoEncoder (AE),0.0057179416845139
AutoEncoder (AE),0.0
AutoEncoder (AE),0.0
AutoEncoder (AE),0.0
AutoEncoder (AE),0.2664493684057062
AutoEncoder (AE),0.0931098056035122
AutoEncoder (AE),0.0
AutoEncoder (AE),0.0
AutoEncoder (AE),0.0446937801727659
AutoEncoder (AE),0.2073005614252578
AutoEncoder (AE),0.2251492138924934
AutoEncoder (AE),0.0
AutoEncoder (AE),0.0
AutoEncoder (AE),0.1862695715104188
AutoEncoder (AE),0.0
AutoEncoder (AE),0.2359108103020201
AutoEncoder (AE),0.0
AutoEncoder (AE),0.0
AutoEncoder (AE),0.0
AutoEncoder (AE),0.0
AutoEncoder (AE),0.0
AutoEncoder (AE),0.1940097021309695
AutoEncoder (AE),0.0
AutoEncoder (AE),0.0
AutoEncoder (AE),0.0
AutoEncoder (AE),0.0
AutoEncoder (AE),0.0
AutoEncoder (AE),0.0
AutoEncoder (AE),0.0
COPOD,0.2730100602928428
DeepAnT,0.5755631909332937
DeepAnT,0.4929630064546152
DeepAnT,0.5424202341226774
DeepAnT,0.3755385963716318
DeepAnT,0.0735547769918162
DeepAnT,0.2526264419986873
DeepAnT,0.2602581753187233
DeepAnT,0.2625565748867334
DeepAnT,0.0
DeepAnT,0.014370366544752
DeepAnT,0.0
DeepAnT,0.0999509966212382
DeepAnT,0.0
DeepAnT,0.4107881631163693
DeepAnT,0.7355520588873947
DenoisingAutoEncoder (DAE),0.6849371769390954
DenoisingAutoEncoder (DAE),0.0
DenoisingAutoEncoder (DAE),0.0
DenoisingAutoEncoder (DAE),0.0
DenoisingAutoEncoder (DAE),0.0
DenoisingAutoEncoder (DAE),0.0566796112102554
DenoisingAutoEncoder (DAE),0.0
DenoisingAutoEncoder (DAE),0.0
DenoisingAutoEncoder (DAE),0.0
DenoisingAutoEncoder (DAE),0.0
DenoisingAutoEncoder (DAE),0.0
DenoisingAutoEncoder (DAE),0.0337421572951915
DenoisingAutoEncoder (DAE),0.0
DenoisingAutoEncoder (DAE),0.0
DenoisingAutoEncoder (DAE),0.0
DenoisingAutoEncoder (DAE),0.0
DenoisingAutoEncoder (DAE),0.0
DenoisingAutoEncoder (DAE),0.0
DenoisingAutoEncoder (DAE),0.0
DenoisingAutoEncoder (DAE),0.0
DenoisingAutoEncoder (DAE),0.0
DenoisingAutoEncoder (DAE),0.0
DenoisingAutoEncoder (DAE),0.0559467159129609
DenoisingAutoEncoder (DAE),0.0
DenoisingAutoEncoder (DAE),0.0
DenoisingAutoEncoder (DAE),0.0239183475254989
DenoisingAutoEncoder (DAE),0.0
DenoisingAutoEncoder (DAE),0.0
DenoisingAutoEncoder (DAE),0.0
DenoisingAutoEncoder (DAE),0.0
DenoisingAutoEncoder (DAE),0.0
DenoisingAutoEncoder (DAE),0.0
DenoisingAutoEncoder (DAE),0.0
DenoisingAutoEncoder (DAE),0.6823197382625144
DenoisingAutoEncoder (DAE),0.8561710259383021
DenoisingAutoEncoder (DAE),0.0
DenoisingAutoEncoder (DAE),0.8707472251323953
DenoisingAutoEncoder (DAE),0.6225545007007685
DenoisingAutoEncoder (DAE),0.4984139596098768
DenoisingAutoEncoder (DAE),0.4912213008364278
DenoisingAutoEncoder (DAE),0.3202721294655822
DenoisingAutoEncoder (DAE),0.7808616151796564
DenoisingAutoEncoder (DAE),0.6554701503371188
DenoisingAutoEncoder (DAE),0.6979081983823118
DenoisingAutoEncoder (DAE),0.383747131784907
DenoisingAutoEncoder (DAE),0.5981448576207982
DenoisingAutoEncoder (DAE),0.2782046129296025
DenoisingAutoEncoder (DAE),0.9499076508925608
DenoisingAutoEncoder (DAE),0.5479497676935234
DenoisingAutoEncoder (DAE),0.0
DenoisingAutoEncoder (DAE),0.6931254872990941
DenoisingAutoEncoder (DAE),0.0
DenoisingAutoEncoder (DAE),0.0
DenoisingAutoEncoder (DAE),0.2149100765114509
DenoisingAutoEncoder (DAE),0.0
DenoisingAutoEncoder (DAE),0.0
DenoisingAutoEncoder (DAE),0.4205666099374498
DenoisingAutoEncoder (DAE),0.4466839056897226
DenoisingAutoEncoder (DAE),0.686131093888798
DenoisingAutoEncoder (DAE),0.6093632183339719
DenoisingAutoEncoder (DAE),0.6485215408861258
DenoisingAutoEncoder (DAE),0.5785387440175339
HBOS,0.0
HBOS,0.0
HBOS,0.0997433864351848
HBOS,0.0
HBOS,0.0
HBOS,0.0
HBOS,0.0
HBOS,0.0
HBOS,0.0
HBOS,0.0
HBOS,0.0
HBOS,0.0
HBOS,0.0
HBOS,0.0
HBOS,0.0
HBOS,0.0
HBOS,0.0
HBOS,0.0
HBOS,0.0
HBOS,0.0
HBOS,0.0
HBOS,0.0277912371173509
HBOS,0.0
HBOS,0.0
HBOS,0.0
HBOS,0.0
HBOS,0.0
HBOS,0.0
HBOS,0.0
HBOS,0.0
HBOS,0.0546068455366751
HBOS,0.3863577976456029
HBOS,0.0
HBOS,0.1792669914899344
HBOS,0.0
HBOS,0.0
HBOS,0.0
HBOS,0.0
HBOS,0.0
HBOS,0.0
HBOS,0.0
HBOS,0.0
HBOS,0.0
HBOS,0.0
HBOS,0.0
HBOS,0.0
HBOS,0.0
HBOS,0.0
HBOS,0.0
HBOS,0.5100593681051333
HBOS,0.0
HBOS,0.0
HBOS,0.0
HBOS,0.0
HBOS,0.0
HBOS,0.0
HBOS,0.0
HBOS,0.0
HBOS,0.0
HBOS,0.0
HBOS,0.0
HBOS,0.0
HBOS,0.0
HBOS,0.0
HBOS,0.0
HBOS,0.0
HBOS,0.0
HBOS,0.0226156829214613
HBOS,0.0
HBOS,0.0
HBOS,0.027216719722621
HBOS,0.0
HBOS,0.0
HBOS,0.0
HBOS,0.0
HBOS,0.0
HBOS,0.0
HBOS,0.0
HBOS,0.0
HBOS,0.0
HBOS,0.0
HBOS,0.0
HBOS,0.0
HBOS,0.0
HBOS,0.0
HBOS,0.0
HBOS,0.0
HBOS,0.0
HBOS,0.0
HBOS,0.0
HBOS,0.0
HBOS,0.0
HBOS,0.0
HBOS,0.0
HBOS,0.0
HBOS,0.0
HBOS,0.0
HBOS,0.0
HBOS,0.0
HBOS,0.0
HBOS,0.0
HBOS,0.0
HBOS,0.0
HBOS,0.0
HBOS,0.0
HBOS,0.0
HBOS,0.0
HBOS,0.0
HBOS,0.0
HBOS,0.0
HBOS,0.0398507151920271
HBOS,0.0
HBOS,0.0
HBOS,0.410260995090161
HBOS,0.0
HBOS,0.0
HBOS,0.0
HBOS,0.0
HBOS,0.2684589662511862
HBOS,0.0992440859509004
HBOS,0.0
HBOS,0.1274249284918574
HBOS,0.2207387047348744
HBOS,0.1346207007456853
HBOS,0.0
HBOS,0.0
HBOS,0.0
HBOS,0.0
HBOS,0.0467140219318631
HBOS,0.5724380193284826
HBOS,0.0
HBOS,0.0206159911318527
HBOS,0.0
HBOS,0.1244404194757148
HBOS,0.0669132190640146
HBOS,0.0
HBOS,0.0
HBOS,0.0
HBOS,0.0
HBOS,0.0
HBOS,0.2422418148913166
HBOS,0.0180643835769632
HBOS,0.0285610376547386
HBOS,0.4329257359674742
HBOS,0.0
HBOS,0.0
HBOS,0.0
HBOS,0.0
HBOS,0.0
HBOS,0.0
HBOS,0.0
HBOS,0.0
HBOS,0.0
HBOS,0.0
HBOS,0.0
HBOS,0.0
HBOS,0.0
HBOS,0.0
HBOS,0.0
HBOS,0.0
HBOS,0.1101137709615037
HBOS,0.0
HBOS,0.0
HBOS,0.0
HBOS,0.0
HBOS,0.0812266575456952
HBOS,0.0
HBOS,0.0
HBOS,0.004639115572585
HBOS,0.0551233363212134
HBOS,0.1262752989353072
HBOS,0.0
HBOS,0.0
HBOS,0.0
HBOS,0.0
HBOS,0.0
HBOS,0.1164786269506357
HBOS,0.0
HBOS,0.0287489095830092
HBOS,0.0
HBOS,0.0
HBOS,0.0
HBOS,0.0
HBOS,0.0
HBOS,0.0
HBOS,0.0
HBOS,0.0
HBOS,0.0
HBOS,0.1210416217278435
HBOS,0.0
HBOS,0.0
HBOS,0.0
HBOS,0.0
HBOS,0.0178708407594608
HBOS,0.089985122219298
HBOS,0.0
HBOS,0.0
HBOS,0.042572981033379
HBOS,0.2764614803486098
HBOS,0.1460406353492377
HBOS,0.4099863366333206
HBOS,0.3573769014389391
HBOS,0.0
HBOS,0.0
HBOS,0.0621217937786952
HBOS,0.0
HBOS,0.0
HBOS,0.0341109073012971
HBOS,0.0
HBOS,0.345641098117449
HBOS,0.0246804427464373
HBOS,0.0
HBOS,0.0
HBOS,0.1127726010070048
HBOS,0.0
HBOS,0.0
HBOS,0.0
HBOS,0.5192411769105613
HBOS,0.0
HBOS,0.0
HBOS,0.1240061094120542
HBOS,0.0
HBOS,0.0
HBOS,0.0
HBOS,0.0
HBOS,0.4430979134377873
HBOS,0.0
HBOS,0.0
HBOS,0.3329049382284036
HBOS,0.0
HBOS,0.204018717929203
HBOS,0.0
HBOS,0.0
HBOS,0.0
HBOS,0.0888224239741072
HBOS,0.0
HBOS,0.0
HBOS,0.0
HBOS,0.0488635924184124
HBOS,0.13672580654773
HBOS,0.0
HBOS,0.0814516992164541
HBOS,0.0
HBOS,0.0
HBOS,0.0062625186489697
HBOS,0.0015760283813712
HBOS,0.1190720541629913
HBOS,0.0
HBOS,0.0
HBOS,0.0
HBOS,0.0
HBOS,0.0
HBOS,0.0
HBOS,0.0
HBOS,0.0
HBOS,0.0
HBOS,0.0
HBOS,0.1656692434545847
HBOS,0.0
HBOS,0.0
HBOS,0.0
HBOS,0.0
HBOS,0.0
HBOS,0.0
HBOS,0.0
HBOS,0.0
HBOS,0.0
HBOS,0.0
HBOS,0.3711149522863801
HBOS,0.4654108397427169
HBOS,0.0
HBOS,0.0
HBOS,0.0
HBOS,0.0
HBOS,0.0
HBOS,0.0
HBOS,0.0
HBOS,0.0
HBOS,0.0
HBOS,0.0
HBOS,0.0
HBOS,0.0
HBOS,0.0
HBOS,0.0
HBOS,0.0
HBOS,0.0400180647034751
HBOS,0.0
HBOS,0.0591139208453047
HBOS,0.0
HBOS,0.0
HBOS,0.1103587989013302
HBOS,0.2641865569343526
HBOS,0.2544816979855319
HBOS,0.0
HBOS,0.0
HBOS,0.0
HBOS,0.3870658812955677
HBOS,0.0371797748588241
HBOS,0.0
HBOS,0.5793566593676122
HBOS,0.6093632183339719
HBOS,0.6818206244723376
HBOS,0.2260031502269519
HBOS,0.5978536469851428
HBOS,0.0
HBOS,0.6979081983823118
HBOS,0.655220397445205
HBOS,0.3459464514113016
HBOS,0.7284858374470715
HBOS,0.0
HBOS,0.4946744774861366
HBOS,0.682025038840993
HBOS,0.4288018686596242
HBOS,0.6210155888798277
HBOS,0.6225545007007685
HBOS,0.8707472251323953
HBOS,0.9499076508925608
HBOS,0.8548658806883969
HBOS,0.5878751872304226
HBOS,0.2574257547255295
HBOS,0.0952811648732432
HBOS,0.6823197382625144
HBOS,0.6830128695148842
HBOS,0.67351975189172
HBOS,0.5167343651631631
HBOS,0.4912213008364278
HBOS,0.3983984442210614
HBOS,0.3122640765634081
HBOS,0.0
HBOS,0.0
HBOS,0.0259831430389887
HBOS,0.0
HBOS,0.0
HBOS,0.0
HBOS,0.0
HBOS,0.0
HBOS,0.0
HBOS,0.0
HBOS,0.1123584900996439
HBOS,0.0
HBOS,0.0
HBOS,0.0
HBOS,0.0
HBOS,0.0
HBOS,0.0385563304932793
HBOS,0.0
HBOS,0.0
HBOS,0.0
HBOS,0.0
HBOS,0.0
HBOS,0.0
HBOS,0.0
HBOS,0.0
HBOS,0.0
HBOS,0.0
HBOS,0.0
HBOS,0.0
HBOS,0.0
HBOS,0.3899697900217193
HBOS,0.0
HBOS,0.0
HBOS,0.0
HBOS,0.0
HBOS,0.999995000025
HBOS,0.999995000025
HBOS,0.999995000025
HBOS,0.999995000025
HBOS,0.999995000025
HBOS,0.999995000025
HBOS,0.999995000025
HBOS,0.9718048444438088
HBOS,0.0
HBOS,0.0
HBOS,0.0
HBOS,0.0
HBOS,0.0187681425255558
HBOS,0.0781572303399462
HBOS,0.0
HBOS,0.0
HBOS,0.0
HBOS,0.0
HBOS,0.0
HBOS,0.0
HBOS,0.0
HBOS,0.0
HBOS,0.0
HBOS,0.0
HBOS,0.0
HBOS,0.0
HBOS,0.0
HBOS,0.6280037007237181
HBOS,0.0
HBOS,0.0
HBOS,0.0
HBOS,0.0
HBOS,0.0
HBOS,0.0
HBOS,0.0
HBOS,0.0
HBOS,0.2581656205498657
HBOS,0.0
HBOS,0.0
HBOS,0.0
HBOS,0.0461914177988326
HBOS,0.2729271858228428
HBOS,0.0
HBOS,0.0
HBOS,0.0
HBOS,0.0
HBOS,0.0
HBOS,0.0
HBOS,0.0
HBOS,0.0
HBOS,0.0
HBOS,0.0
HBOS,0.2562450367757501
HBOS,0.0
HBOS,0.0
HBOS,0.0
HBOS,0.0
HBOS,0.0
HBOS,0.0
HBOS,0.0
HBOS,0.0
HBOS,0.0
HBOS,0.0
HBOS,0.0
HBOS,0.0
HBOS,0.3815490496305014
HBOS,0.1426794454077705
HBOS,0.0
HBOS,0.2822966599292457
HBOS,0.0
HBOS,0.0
HBOS,0.0
HBOS,0.0
HBOS,0.1148292534083207
HBOS,0.0609337355645949
HBOS,0.0
HBOS,0.0
HBOS,0.0
HBOS,0.0
HBOS,0.0
HBOS,0.0570379031791154
HBOS,0.0
HBOS,0.0
HBOS,0.2654062506424356
HBOS,0.0
HBOS,0.0
HBOS,0.3459875095382046
HBOS,0.0
HBOS,0.0
HBOS,0.0
HBOS,0.0
HBOS,0.0
HBOS,0.0
HBOS,0.0
HBOS,0.0
HBOS,0.0
HBOS,0.0
HBOS,0.0
HBOS,0.0
HBOS,0.0
HBOS,0.0
HBOS,0.0
HBOS,0.0
HBOS,0.0
HBOS,0.0
HBOS,0.0
HBOS,0.0
HBOS,0.0
HBOS,0.231164937130377
HBOS,0.0
HBOS,0.0
HBOS,0.0
HBOS,0.0
HBOS,0.0
HBOS,0.0
PCC,0.0
PCC,0.0
PCC,0.0
PCC,0.0
PCC,0.0
PCC,0.0628997984719577
PCC,0.1716422520607034
PCC,0.0
PCC,0.2490835568853177
PCC,0.0
PCC,0.0
PCC,0.0
PCC,0.0
PCC,0.0
PCC,0.0
PCC,0.0
PCC,0.0
PCC,0.1161694966309407
PCC,0.0
PCC,0.0
PCC,0.0
PCC,0.0
PCC,0.1756624794829436
PCC,0.3018879448801214
PCC,0.0
PCC,0.0
PCC,0.0
PCC,0.1104156400514135
PCC,0.0
PCC,0.0
PCC,0.0
PCC,0.0
PCC,0.0
PCC,0.0
PCC,0.0
PCC,0.0
PCC,0.0
PCC,0.0
PCC,0.0
PCC,0.0
PCC,0.0
PCC,0.4183099315429809
PCC,0.5784902706363382
PCC,0.5703607777636139
PCC,0.0
PCC,0.6569673591156809
PCC,0.0
PCC,0.1822835905979963
PCC,0.3387220613449325
PCC,0.1326458577991469
PCC,0.0
PCC,0.0
PCC,0.0
PCC,0.0
PCC,0.0
PCC,0.0
PCC,0.0
PCC,0.0
PCC,0.0
PCC,0.0
PCC,0.0
PCC,0.0
PCC,0.0
PCC,0.0263668153553289
PCC,0.0284081682370965
PCC,0.0
PCC,0.0
PCC,0.0
PCC,0.9590402032638368
PCC,0.999995000025
PCC,0.999995000025
PCC,0.999995000025
PCC,0.999995000025
PCC,0.0
PCC,0.999995000025
PCC,0.0
PCC,0.0
PCC,0.0
PCC,0.0
PCC,0.0
PCC,0.0
PCC,0.0
PCC,0.0
PCC,0.1599292579899481
PCC,0.0
PCC,0.0
PCC,0.0
PCC,0.0
PCC,0.0
PCC,0.0
PCC,0.0366931881872312
PCC,0.0
PCC,0.0
PCC,0.0
PCC,0.0
PCC,0.0
PCC,0.0
PCC,0.0
PCC,0.0
PCC,0.0
PCC,0.0
PCC,0.0050831285955033
PCC,0.0
PCC,0.2216455671446362
PCC,0.0
PCC,0.0
PCC,0.6818206244723376
PCC,0.6512600476999593
PCC,0.6093632183339719
PCC,0.836593800464259
PCC,0.6576511441731642
PCC,0.4925548343522709
PCC,0.7522517875258543
PCC,0.6119324547382047
PCC,0.1599380920849415
PCC,0.0
PCC,0.6683577850151022
PCC,0.0
PCC,0.0
PCC,0.0
PCC,0.0
PCC,0.0
PCC,0.0
PCC,0.0
PCC,0.0
PCC,0.0
PCC,0.0746428913937056
PCC,0.0321712652317871
PCC,0.0
PCC,0.2691233118039816
PCC,0.5978536469851428
PCC,0.3892798152013575
PCC,0.999995000025
PCC,0.4549698648742005
PCC,0.5990172580252598
PCC,0.8631872760202063
PCC,0.6830128695148842
PCC,0.6823197382625144
PCC,0.3306562795334491
PCC,0.5720389265177719
PCC,0.5172699876362403
PCC,0.8548658806883969
PCC,0.9499076508925608
PCC,0.8707472251323953
PCC,0.6225545007007685
PCC,0.4549900019672529
PCC,0.4879260268063463
PCC,0.2758625725040918
PCC,0.6267846915180799
PCC,0.1758422791021692
PCC,0.7284858374470715
PCC,0.4469702399041286
PCC,0.7808616151796564
PCC,0.645551357921514
PCC,0.639070202264908
PCC,0.0
PCC,0.0
PCC,0.0
PCC,0.0
PCC,0.0
PCC,0.0421638572967759
PCC,0.0
PCC,0.0
PCC,0.0288723083495096
PCC,0.0017459450175986
PCC,0.006538935291509
PCC,0.0
PCC,0.0
PCC,0.0
PCC,0.0
PCC,0.1772135747623565
PCC,0.1941240431265288
PCC,0.0519515433753542
PCC,0.0
PCC,0.0
PCC,0.0
PCC,0.0
PCC,0.0955863348307246
PCC,0.0615105125500982
PCC,0.2642396438239291
PCC,0.0
PCC,0.0
PCC,0.0
PCC,0.0473904370269417
PCC,0.0
PCC,0.0
PCC,0.1636348611708201
PCC,0.0
PCC,0.0406642598184354
PCC,0.0
PCC,0.0
PCC,0.0
PCC,0.0
PCC,0.0
PCC,0.0
PCC,0.1180945419080962
PCC,0.0091208681307111
PCC,0.0
PCC,0.0
PCC,0.0276872733213991
PCC,0.0
PCC,0.0
PCC,0.0
PCC,0.0
PCC,0.0
PCC,0.0548670471975832
PCC,0.1119778231287228
PCC,0.0
PCC,0.0
PCC,0.0
PCC,0.999995000025
PCC,0.1359510292565653
PCC,0.0
PCC,0.0
PCC,0.0210097908435073
PCC,0.0
PCC,0.2009561265514605
PCC,0.0
PCC,0.0
PCC,0.0
PCC,0.0
PCC,0.0
PCC,0.0
PCC,0.0
PCC,0.0963607145732647
PCC,0.0
PCC,0.1410720732337201
PCC,0.0
PCC,0.0988087961702413
PCC,0.0
PCC,0.0
PCC,0.2021879769015703
PCC,0.078352500822917
PCC,0.4528570931280467
PCC,0.0
PCC,0.0
PCC,0.3407136116739583
PCC,0.1601689206185982
PCC,0.0
PCC,0.0
PCC,0.0
PCC,0.0
PCC,0.0
PCC,0.0
PCC,0.0
PCC,0.0
PCC,0.0
PCC,0.0
PCC,0.0
PCC,0.0
PCC,0.0
PCC,0.0
PCC,0.0
PCC,0.0
PCC,0.0
PCC,0.0
PCC,0.0
PCC,0.0
PCC,0.0
PCC,0.0
PCC,0.3238875667245809
PCC,0.0
PCC,0.0591518161497062
PCC,0.0
PCC,0.0
PCC,0.0
PCC,0.1825825304976049
PCC,0.0
PCC,0.3839234396111999
PCC,0.2337272064551543
PCC,0.0
PCC,0.2735747201780517
PCC,0.0
PCC,0.0060487091456686
PCC,0.0
PCC,0.0
PCC,0.0133603087648679
PCC,0.2375452794695415
PCC,0.0
PCC,0.4333846075936146
PCC,0.0
PCC,0.0
PCC,0.0
PCC,0.0
PCC,0.0
PCC,0.0
PCC,0.0
PCC,0.0
PCC,0.2630941885030872
PCC,0.2436251402833147
PCC,0.0
PCC,0.0
PCC,0.0
PCC,0.0
PCC,0.0869689978262261
PCC,0.0
PCC,0.5177658810454426
PCC,0.0240316790175693
PCC,0.0
PCC,0.1065796380395369
PCC,0.1014403397213652
PCC,0.0
PCC,0.0
PCC,0.0
PCC,0.1311956393636699
PCC,0.0
PCC,0.1522245091084696
PCC,0.0
PCC,0.3946456617070631
PCC,0.4713724169893045
PCC,0.0
PCC,0.0
PCC,0.0
PCC,0.0
PCC,0.0
PCC,0.0153974172822144
PCC,0.1394737922516462
PCC,0.0
PCC,0.0
PCC,0.0
PCC,0.0
PCC,0.0
PCC,0.0
PCC,0.0
PCC,0.0
PCC,0.0
PCC,0.0
PCC,0.0
PCC,0.0
PCC,0.0
PCC,0.0
PCC,0.0
PCC,0.0
PCC,0.0
PCC,0.0
PCC,0.0
PCC,0.0
PCC,0.0
PCC,0.0790686722659438
PCC,0.0
PCC,0.0705020362041502
PCC,0.0
PCC,0.0
PCC,0.0842898076366672
PCC,0.0
PCC,0.0
PCC,0.0
PCC,0.0306797912076438
PCC,0.0
PCC,0.0
PCC,0.0
PCC,0.0258777482676973
PCC,0.0
PCC,0.0
PCC,0.0
PCC,0.0
PCC,0.0
PCC,0.0
PCC,0.0
PCC,0.0
PCC,0.0
PCC,0.0
PCC,0.0
PCC,0.0
PCC,0.0
PCC,0.0078524133787798
PCC,0.0
PCC,0.0
PCC,0.0
PCC,0.0
PCC,0.0
PCC,0.0
PCC,0.0
PCC,0.0
PCC,0.0
PCC,0.0
PCC,0.0
PCC,0.0
PCC,0.0
PCC,0.0
PCC,0.0
PCC,0.0
PCC,0.0
PCC,0.0
PCC,0.0
PCC,0.0
PCC,0.0
PCC,0.0
PCC,0.0
PCC,0.0
PCC,0.2135369066099511
PCC,0.0
PCC,0.0
PCC,0.0
PCC,0.0
PCC,0.0
PCC,0.0
PCC,0.0
PCC,0.0
PCC,0.0
PCC,0.0
PCC,0.0
PCC,0.0
PCC,0.0
PCC,0.0
PCC,0.0
PCC,0.0
PCC,0.0
PCC,0.0
PCC,0.0
PCC,0.0
PCC,0.0
PCC,0.0
PCC,0.0
PCC,0.2677619769005062
PCC,0.0
PCC,0.0
PCC,0.0
PCC,0.0
PCC,0.0
PCC,0.0
PCC,0.0
PCC,0.0
PCC,0.0
PCC,0.0
PCC,0.0
PCC,0.0219162571219327
PCC,0.0
PCC,0.0
PCC,0.0
PCC,0.0
PCC,0.0
PCC,0.0
PCC,0.0
PCC,0.0
PCC,0.6209651638778809
PCC,0.0
PCC,0.0
PCC,0.0
PCC,0.0
PCC,0.0
PCC,0.0
PCC,0.0
PCC,0.0
PCC,0.0
PCC,0.0
PCC,0.0
PCC,0.0
PCC,0.0
PCC,0.0
PCC,0.0
PCC,0.1930439933974953
PCC,0.0
PCC,0.035925426906832
PCC,0.0
PCC,0.0
PCC,0.0
PCC,0.0
PCC,0.0
PCC,0.0
PCC,0.0
PCC,0.0
PCC,0.0
PCC,0.0
PCC,0.0
PCC,0.0
PCC,0.0
PCC,0.0
PCC,0.0
PCC,0.0
PCC,0.0
PCC,0.0
PCC,0.0
PCC,0.0
PCC,0.0
PCC,0.0
PCC,0.0
PCC,0.0
PCC,0.0
PCC,0.0
PCC,0.0
PCC,0.0
PCC,0.0
PCC,0.0
Torsk,0.0
Torsk,0.0
Torsk,0.0
Torsk,0.0
Torsk,0.0
Torsk,0.0
Torsk,0.0
Torsk,0.0
Torsk,0.0
Torsk,0.0
Torsk,0.0
Torsk,0.0
Torsk,0.0
Torsk,0.0
Torsk,0.0
Torsk,0.0948402558203624
Torsk,0.0
Torsk,0.0
Torsk,0.0
Torsk,0.0
Torsk,0.0
Torsk,0.0
Torsk,0.0
Torsk,0.0
Torsk,0.0
Torsk,0.0
Torsk,0.0
Torsk,0.0
Torsk,0.0
Torsk,0.0
Torsk,0.1892003773295396
Torsk,0.0
Torsk,0.0
Torsk,0.0
Torsk,0.0
Torsk,0.0
Torsk,0.0
Torsk,0.0
Torsk,0.0
Torsk,0.0
Torsk,0.0
Torsk,0.0
Torsk,0.0
Torsk,0.0
Torsk,0.0
Torsk,0.0
Torsk,0.0
Torsk,0.0
Torsk,0.0
Torsk,0.0469580319879621
Torsk,0.0
Torsk,0.0
Torsk,0.0
Torsk,0.201998267443536
Torsk,0.0
Torsk,0.0
Torsk,0.0
Torsk,0.0
Torsk,0.145854812244319
Torsk,0.1580527764224409
Torsk,0.1230059241345912
Torsk,0.0
Torsk,0.0
Torsk,0.0
Torsk,0.0
Torsk,0.0
Torsk,0.0
Torsk,0.0
Torsk,0.0
Torsk,0.0
Torsk,0.0
Torsk,0.0
Torsk,0.0
Torsk,0.0
Torsk,0.0
Torsk,0.0728962581316532
Torsk,0.0
Torsk,0.0
Torsk,0.0
Torsk,0.2266975657919803
Torsk,0.0154091612076668
Torsk,0.1722472297023505
Torsk,0.0
Torsk,0.0
Torsk,0.0
Torsk,0.0
Torsk,0.0
Torsk,0.0
Torsk,0.0
Torsk,0.0
Torsk,0.0
Torsk,0.0
Torsk,0.0
Torsk,0.0
Torsk,0.0
Torsk,0.0
Torsk,0.5891977217390755
Torsk,0.0
Torsk,0.0
Torsk,0.0
Torsk,0.1985597019248166
Torsk,0.2151186787596155
Torsk,0.0137286635971858
Torsk,0.0
Torsk,0.1583069588034313
Torsk,0.0
Torsk,0.0
Torsk,0.0
Torsk,0.0
Torsk,0.0
Torsk,0.0
Torsk,0.0
Torsk,0.0
Torsk,0.0
Torsk,0.0701387219850864
Torsk,0.0
Torsk,0.0
Torsk,0.0
Torsk,0.0
Torsk,0.0
Torsk,0.0
Torsk,0.0
Torsk,0.0
Torsk,0.0
Torsk,0.0
Torsk,0.0
Torsk,0.0
Torsk,0.0
Torsk,0.0
Torsk,0.0
Torsk,0.0
Torsk,0.0
Torsk,0.0
Torsk,0.0
Torsk,0.0
Torsk,0.0
Torsk,0.0
Torsk,0.0
Torsk,0.0
Torsk,0.0
Torsk,0.0
Torsk,0.4072655783546265
Torsk,0.3076738187966096
Torsk,0.6469387030948341
Torsk,0.573862450221619
Torsk,0.2737063345101513
Torsk,0.6398006868522412
Torsk,0.4822812086331621
Torsk,0.0772351325450147
Torsk,0.0
Torsk,0.0
Torsk,0.0
Torsk,0.0
Torsk,0.0
Torsk,0.0
Torsk,0.0
Torsk,0.0
Torsk,0.0
Torsk,0.0
Torsk,0.0430118304454451
Torsk,0.0
Torsk,0.0
Torsk,0.0
Torsk,0.0
Torsk,0.0
Torsk,0.0
Torsk,0.0
Torsk,0.576253232083858
Torsk,0.0
Torsk,0.0
Torsk,0.0
Torsk,0.0
Torsk,0.0
Torsk,0.0
Torsk,0.0
Torsk,0.0296541689176061
Torsk,0.0
Torsk,0.0
Torsk,0.0
Torsk,0.0
Torsk,0.0
Torsk,0.0
Torsk,0.0
Torsk,0.0
Torsk,0.884240861814559
Torsk,0.884240861814559
Torsk,0.8842542592842593
Torsk,0.8842542592842593
Torsk,0.0
Torsk,0.0
Torsk,0.0
Torsk,0.0
Torsk,0.0
Torsk,0.47211307429735
Torsk,0.0
Torsk,0.0
Torsk,0.3654563829627615
Torsk,0.4492068142575237
Torsk,0.0
Torsk,0.1623888153363437
Torsk,0.0
Torsk,0.0
Torsk,0.0
Torsk,0.0
Torsk,0.0
Torsk,0.0
Torsk,0.0
Torsk,0.0835115057860755
Torsk,0.0
Torsk,0.0
Torsk,0.0
Torsk,0.0
Torsk,0.0
Torsk,0.0
Torsk,0.0
Torsk,0.0
Torsk,0.0
Torsk,0.0
Torsk,0.0
Torsk,0.0100114117442605
Torsk,0.0
Torsk,0.0
AVG_ENS,0.0
AVG_ENS,0.0
AVG_ENS,0.0
AVG_ENS,0.0
AVG_ENS,0.0
AVG_ENS,0.0
AVG_ENS,0.0
AVG_ENS,0.0
AVG_ENS,0.0
AVG_ENS,0.6225545007007685
AVG_ENS,0.0
AVG_ENS,0.0
AVG_ENS,0.0
AVG_ENS,0.0
AVG_ENS,0.67351975189172
AVG_ENS,0.1720630658393711
AVG_ENS,0.0
AVG_ENS,0.3416314084959863
AVG_ENS,0.0
AVG_ENS,0.0
AVG_ENS,0.0
AVG_ENS,0.0
AVG_ENS,0.0
AVG_ENS,0.0
AVG_ENS,0.0
AVG_ENS,0.0
AVG_ENS,0.0
AVG_ENS,0.4355888004958079
AVG_ENS,0.0
AVG_ENS,0.0
AVG_ENS,0.2471271908626956
AVG_ENS,0.0
AVG_ENS,0.0
AVG_ENS,0.0
AVG_ENS,0.0
AVG_ENS,0.0
AVG_ENS,0.0
AVG_ENS,0.0
AVG_ENS,0.2173103460160043
AVG_ENS,0.0
AVG_ENS,0.0
AVG_ENS,0.0
AVG_ENS,0.0
AVG_ENS,0.0
AVG_ENS,0.0
AVG_ENS,0.0
AVG_ENS,0.1401777299042974
AVG_ENS,0.0
AVG_ENS,0.0
AVG_ENS,0.0
AVG_ENS,0.0
AVG_ENS,0.0
AVG_ENS,0.0
AVG_ENS,0.0
AVG_ENS,0.0
AVG_ENS,0.0
AVG_ENS,0.0
AVG_ENS,0.1862695715104187
AVG_ENS,0.0
AVG_ENS,0.0
AVG_ENS,0.0
AVG_ENS,0.23591081030202
AVG_ENS,0.0
AVG_ENS,0.0
AVG_ENS,0.0
AVG_ENS,0.0
AVG_ENS,0.0
AVG_ENS,0.2648250108425199
AVG_ENS,0.0
AVG_ENS,0.1940097021309695
AVG_ENS,0.1371181354802906
AVG_ENS,0.5743438666443669
AVG_ENS,0.0
AVG_ENS,0.101429180162381
AVG_ENS,0.0
AVG_ENS,0.0
AVG_ENS,0.0
AVG_ENS,0.0
AVG_ENS,0.4205666099374498
AVG_ENS,0.0
AVG_ENS,0.0
AVG_ENS,0.0
AVG_ENS,0.0
AVG_ENS,0.0
AVG_ENS,0.0241361320447597
AVG_ENS,0.0
AVG_ENS,0.0
AVG_ENS,0.0
AVG_ENS,0.0
AVG_ENS,0.5950304141238737
AVG_ENS,0.0
AVG_ENS,0.0
AVG_ENS,0.0440680438606329
AVG_ENS,0.0
AVG_ENS,0.0
AVG_ENS,0.2505258345554943
AVG_ENS,0.0
AVG_ENS,0.0
AVG_ENS,0.0
AVG_ENS,0.0
AVG_ENS,0.0
AVG_ENS,0.2543190174419128
AVG_ENS,0.0
AVG_ENS,0.0
AVG_ENS,0.0121510540601822
AVG_ENS,0.0
AVG_ENS,0.0
AVG_ENS,0.8501559922211993
AVG_ENS,0.1968461534734644
AVG_ENS,0.0
AVG_ENS,0.0
AVG_ENS,0.0
AVG_ENS,0.0
AVG_ENS,0.0
AVG_ENS,0.7010868125333645
AVG_ENS,0.0
AVG_ENS,0.0
AVG_ENS,0.0
AVG_ENS,0.0
AVG_ENS,0.39468232866242
AVG_ENS,0.3121677113410568
AVG_ENS,0.0
AVG_ENS,0.0
AVG_ENS,0.614577583101813
AVG_ENS,0.0007358278173503
AVG_ENS,0.0
AVG_ENS,0.3735776169693813
AVG_ENS,0.0
AVG_ENS,0.0112900101751741
AVG_ENS,0.0
AVG_ENS,0.0
AVG_ENS,0.0
AVG_ENS,0.6093632183339719
AVG_ENS,0.0
AVG_ENS,0.0877184595340272
AVG_ENS,0.0180358934118378
AVG_ENS,0.2988482139762967
AVG_ENS,0.0
AVG_ENS,0.0963253194054153
AVG_ENS,0.6900690375928734
AVG_ENS,0.0931098056035122
AVG_ENS,0.0
AVG_ENS,0.0
AVG_ENS,0.0610357131441762
AVG_ENS,0.0
AVG_ENS,0.0
AVG_ENS,0.0
AVG_ENS,0.0
AVG_ENS,0.2695418952231189
AVG_ENS,0.0
AVG_ENS,0.0
AVG_ENS,0.0
AVG_ENS,0.0
AVG_ENS,0.0
AVG_ENS,0.0
AVG_ENS,0.0
AVG_ENS,0.0
AVG_ENS,0.0
AVG_ENS,0.0
AVG_ENS,0.0
AVG_ENS,0.3790193504567327
AVG_ENS,0.0
AVG_ENS,0.0
AVG_ENS,0.5720870928426238
AVG_ENS,0.6823197382625144
AVG_ENS,0.2251492138924933
AVG_ENS,0.0
AVG_ENS,0.0
AVG_ENS,0.0
AVG_ENS,0.0
AVG_ENS,0.1787540313625384
AVG_ENS,0.2664493684057062
AVG_ENS,0.0247469615530925
AVG_ENS,0.0
AVG_ENS,0.0
AVG_ENS,0.0057179416845139
AVG_ENS,0.2073005614252579
AVG_ENS,0.3901589612694006
AVG_ENS,0.0446937801727659
AVG_ENS,0.0
AVG_ENS,0.0
AVG_ENS,0.645551357921514
AVG_ENS,0.0
AVG_ENS,0.6979081983823118
AVG_ENS,0.0
AVG_ENS,0.0
AVG_ENS,0.0
AVG_ENS,0.0
AVG_ENS,0.0
AVG_ENS,0.0
AVG_ENS,0.0
AVG_ENS,0.0
AVG_ENS,0.6576511441731642
AVG_ENS,0.0
AVG_ENS,0.0
AVG_ENS,0.0
AVG_ENS,0.2405427519014629
AVG_ENS,0.0
AVG_ENS,0.0
AVG_ENS,0.4912213008364278
AVG_ENS,0.3874852045427253
AVG_ENS,0.0147057363768815
AVG_ENS,0.1601518650282589
AVG_ENS,0.0
AVG_ENS,0.0
AVG_ENS,0.0
AVG_ENS,0.0
AVG_ENS,0.0
AVG_ENS,0.1042982782694307
AVG_ENS,0.0
AVG_ENS,0.0
AVG_ENS,0.0
AVG_ENS,0.0
AVG_ENS,0.0
AVG_ENS,0.0
AVG_ENS,0.5800419041896694
AVG_ENS,0.0
AVG_ENS,0.0
AVG_ENS,0.6818206244723376
AVG_ENS,0.0
AVG_ENS,0.0
AVG_ENS,0.0
AVG_ENS,0.0
AVG_ENS,0.0
AVG_ENS,0.0
AVG_ENS,0.0
AVG_ENS,0.2964253416779658
AVG_ENS,0.0
AVG_ENS,0.0190956350932725
AVG_ENS,0.999995000025
AVG_ENS,0.0
AVG_ENS,0.0268854703830741
AVG_ENS,0.0
AVG_ENS,0.0
AVG_ENS,0.0
AVG_ENS,0.0
